fixture_id,team_id,team_name,file0,player_id,player_name,cards_red,cards_yellow,dribbles_attempts,dribbles_past,dribbles_success,duels_total,duels_won,fouls_committed,fouls_drawn,games_captain,games_minutes,games_number,games_position,games_rating,games_substitute,goals_assists,goals_conceded,goals_saves,goals_total,offsides,passes_accuracy,passes_key,passes_total,penalty_commited,penalty_missed,penalty_saved,penalty_scored,penalty_won,shots_on,shots_total,tackles_blocks,tackles_interceptions,tackles_total,fix-team,season,fixture_status_long,fixture_status_short,date,referee,team_away_name,team_away_id,team_away_goals,team_home_name,team_home_id,team_home_goals,round_league,country,name_league,result
828394,2323,Universidad de Chile,statistics_fixture_players_828394.json,51130.0,Pablo Aránguiz,0.0,1.0,1.0,,,3.0,,2.0,,0.0,17.0,8.0,M,6.6,1.0,1.0,0.0,,,,3,1.0,5.0,,0.0,,0.0,,,,,,,828394-2323,2022,Match Finished,FT,2022-02-06,M. Vergara,Universidad de Chile,2323,4.0,Union La Calera,2326,2.0,Regular Season - 1,Chile,Primera División,Triunfo
828402,2323,Universidad de Chile,statistics_fixture_players_828402.json,51130.0,Pablo Aránguiz,0.0,0.0,1.0,,,7.0,2.0,2.0,1.0,0.0,32.0,8.0,M,6.3,1.0,,0.0,,,,3,,5.0,,0.0,,0.0,,,,,,1.0,828402-2323,2022,Match Finished,FT,2022-02-12,M. Quila,Antofagasta,2327,1.0,Universidad de Chile,2323,2.0,Regular Season - 2,Chile,Primera División,Triunfo
828408,2323,Universidad de Chile,statistics_fixture_players_828408.json,51130.0,Pablo Aránguiz,0.0,0.0,1.0,2.0,,6.0,3.0,,1.0,0.0,59.0,8.0,M,7.2,0.0,,0.0,,,,13,,19.0,,0.0,,0.0,,1.0,1.0,1.0,,2.0,828408-2323,2022,Match Finished,FT,2022-02-21,F. Vejar,Universidad de Chile,2323,2.0,Nublense,2337,3.0,Regular Season - 3,Chile,Primera División,Derrota
828420,2323,Universidad de Chile,statistics_fixture_players_828420.json,51130.0,Pablo Aránguiz,0.0,1.0,,,,1.0,,,,0.0,25.0,8.0,M,6.6,1.0,,0.0,,,,13,,18.0,,0.0,,0.0,,,,,1.0,,828420-2323,2022,Match Finished,FT,2022-02-28,C. Garay,O'Higgins,2320,1.0,Universidad de Chile,2323,0.0,Regular Season - 4,Chile,Primera División,Derrota
828422,2323,Universidad de Chile,statistics_fixture_players_828422.json,51130.0,Pablo Aránguiz,0.0,0.0,,2.0,,4.0,,1.0,,0.0,27.0,8.0,M,6.5,1.0,,0.0,,,,5,1.0,10.0,,0.0,,0.0,,1.0,1.0,,,,828422-2323,2022,Match Finished,FT,2022-03-06,R. Tobar,Universidad de Chile,2323,1.0,Colo Colo,2315,4.0,Regular Season - 5,Chile,Primera División,Derrota
828441,2323,Universidad de Chile,statistics_fixture_players_828441.json,51130.0,Pablo Aránguiz,1.0,0.0,,,,1.0,,1.0,,0.0,21.0,8.0,M,6.2,1.0,,0.0,,,,2,,3.0,,0.0,,0.0,,,,,,,828441-2323,2022,Match Finished,FT,2022-03-17,J. Cabero,Curico Unido,2316,1.0,Universidad de Chile,2323,1.0,Regular Season - 7,Chile,Primera División,Empate
828462,2323,Universidad de Chile,statistics_fixture_players_828462.json,51130.0,Pablo Aránguiz,0.0,0.0,,,,3.0,2.0,,1.0,0.0,19.0,8.0,M,7.0,1.0,,0.0,,,,3,2.0,9.0,,0.0,,0.0,,,,,,1.0,828462-2323,2022,Match Finished,FT,2022-04-16,F. Vejar,Palestino,2318,0.0,Universidad de Chile,2323,0.0,Regular Season - 10,Chile,Primera División,Empate
828464,2323,Universidad de Chile,statistics_fixture_players_828464.json,51130.0,Pablo Aránguiz,0.0,0.0,,,,,,,,0.0,10.0,8.0,M,6.5,1.0,,0.0,,,,2,,4.0,,0.0,,0.0,,,,,,,828464-2323,2022,Match Finished,FT,2022-04-29,M. Vergara,Universidad de Chile,2323,0.0,A. Italiano,2329,2.0,Regular Season - 11,Chile,Primera División,Derrota
828474,2323,Universidad de Chile,statistics_fixture_players_828474.json,51130.0,Pablo Aránguiz,0.0,0.0,,,,,,,,0.0,0.0,8.0,M,,1.0,,0.0,,,,nan,,,,0.0,,0.0,,,,,,,828474-2323,2022,Match Finished,FT,2022-05-07,C. Garay,D. La Serena,2341,0.0,Universidad de Chile,2323,2.0,Regular Season - 12,Chile,Primera División,Triunfo
828478,2323,Universidad de Chile,statistics_fixture_players_828478.json,51130.0,Pablo Aránguiz,0.0,1.0,,1.0,,3.0,1.0,1.0,1.0,0.0,18.0,8.0,M,6.6,1.0,,0.0,,,,8,2.0,14.0,,0.0,,0.0,,,,,,,828478-2323,2022,Match Finished,FT,2022-05-14,H. Jona,Universidad de Chile,2323,1.0,Everton de Vina,2325,2.0,Regular Season - 13,Chile,Primera División,Derrota
836844,2323,Universidad de Chile,statistics_fixture_players_836844.json,51130.0,Pablo Aránguiz,0.0,0.0,2.0,1.0,1.0,10.0,5.0,1.0,2.0,0.0,74.0,8.0,M,9.2,0.0,1.0,0.0,,2.0,,20,3.0,27.0,,0.0,,1.0,,3.0,4.0,,1.0,2.0,836844-2323,2022,Match Finished,FT,2022-05-21,P. Maza,Huachipato,2328,2.0,Universidad de Chile,2323,3.0,Regular Season - 14,Chile,Primera División,Triunfo
828502,2323,Universidad de Chile,statistics_fixture_players_828502.json,51130.0,Pablo Aránguiz,0.0,0.0,2.0,1.0,,4.0,1.0,,1.0,0.0,61.0,8.0,M,6.7,0.0,,0.0,,,,23,1.0,27.0,,0.0,,0.0,,,1.0,,,,828502-2323,2022,Match Finished,FT,2022-07-02,P. Maza,Union La Calera,2326,1.0,Universidad de Chile,2323,2.0,Regular Season - 16,Chile,Primera División,Triunfo
828506,2323,Universidad de Chile,statistics_fixture_players_828506.json,51130.0,Pablo Aránguiz,0.0,0.0,,,,,,,,0.0,0.0,8.0,M,,1.0,,0.0,,,,nan,,,,0.0,,0.0,,,,,,,828506-2323,2022,Match Finished,FT,2022-07-10,J. Bascuñán,Universidad de Chile,2323,1.0,Antofagasta,2327,1.0,Regular Season - 17,Chile,Primera División,Empate
828519,2323,Universidad de Chile,statistics_fixture_players_828519.json,51130.0,Pablo Aránguiz,0.0,0.0,,,,1.0,1.0,,1.0,0.0,16.0,8.0,M,6.9,1.0,,0.0,,,,1,1.0,4.0,,0.0,,0.0,,1.0,1.0,,,,828519-2323,2022,Match Finished,FT,2022-07-17,C. Garay,Nublense,2337,1.0,Universidad de Chile,2323,0.0,Regular Season - 18,Chile,Primera División,Derrota
828520,2323,Universidad de Chile,statistics_fixture_players_828520.json,51130.0,Pablo Aránguiz,0.0,0.0,2.0,,,7.0,3.0,,2.0,0.0,68.0,8.0,M,6.9,0.0,,0.0,,,,15,,21.0,,0.0,,0.0,,1.0,1.0,,1.0,,828520-2323,2022,Match Finished,FT,2022-07-24,R. Carvajal,Universidad de Chile,2323,0.0,O'Higgins,2320,1.0,Regular Season - 19,Chile,Primera División,Derrota
828527,2323,Universidad de Chile,statistics_fixture_players_828527.json,51130.0,Pablo Aránguiz,0.0,0.0,,,,,,,,0.0,0.0,8.0,M,,1.0,,0.0,,,,nan,,,,0.0,,0.0,,,,,,,828527-2323,2022,Match Finished,FT,2022-07-31,P. Maza,Colo Colo,2315,3.0,Universidad de Chile,2323,1.0,Regular Season - 20,Chile,Primera División,Derrota
828541,2323,Universidad de Chile,statistics_fixture_players_828541.json,51130.0,Pablo Aránguiz,0.0,0.0,,,,,,,,0.0,0.0,8.0,M,,1.0,,0.0,,,,nan,,,,0.0,,0.0,,,,,,,828541-2323,2022,Match Finished,FT,2022-08-13,F. González,Universidad de Chile,2323,1.0,Curico Unido,2316,3.0,Regular Season - 22,Chile,Primera División,Derrota
828534,2323,Universidad de Chile,statistics_fixture_players_828534.json,51130.0,Pablo Aránguiz,0.0,0.0,1.0,,1.0,2.0,2.0,,,0.0,18.0,8.0,M,6.9,1.0,,0.0,,,,4,1.0,5.0,,0.0,,0.0,,,,,,,828534-2323,2022,Match Finished,FT,2022-08-07,N. Gamboa,Universidad de Chile,2323,1.0,Union Espanola,2321,1.0,Regular Season - 21,Chile,Primera División,Empate
828562,2323,Universidad de Chile,statistics_fixture_players_828562.json,51130.0,Pablo Aránguiz,0.0,0.0,,,,,,,,0.0,0.0,8.0,M,,1.0,,0.0,,,,nan,,,,0.0,,0.0,,,,,,,828562-2323,2022,Match Finished,FT,2022-09-15,P. Maza,Universidad de Chile,2323,2.0,Palestino,2318,1.0,Regular Season - 25,Chile,Primera División,Triunfo
828558,2323,Universidad de Chile,statistics_fixture_players_828558.json,51130.0,Pablo Aránguiz,0.0,0.0,1.0,1.0,,5.0,1.0,,1.0,0.0,23.0,8.0,M,6.3,1.0,,0.0,,,,2,,4.0,,0.0,,0.0,,,,,,,828558-2323,2022,Match Finished,FT,2022-09-07,R. Tobar,Coquimbo Unido,2330,0.0,Universidad de Chile,2323,0.0,Regular Season - 24,Chile,Primera División,Empate
828573,2323,Universidad de Chile,statistics_fixture_players_828573.json,51130.0,Pablo Aránguiz,0.0,0.0,,,,1.0,1.0,,1.0,0.0,15.0,8.0,M,6.3,1.0,,0.0,,,,2,,4.0,,0.0,,0.0,,,1.0,,,,828573-2323,2022,Match Finished,FT,2022-10-03,A. Hermosilla,A. Italiano,2329,3.0,Universidad de Chile,2323,2.0,Regular Season - 26,Chile,Primera División,Derrota
828576,2323,Universidad de Chile,statistics_fixture_players_828576.json,51130.0,Pablo Aránguiz,0.0,0.0,,,,3.0,2.0,,2.0,0.0,24.0,8.0,M,6.7,1.0,,0.0,,,,4,,9.0,,0.0,,0.0,,,,,,,828576-2323,2022,Match Finished,FT,2022-10-09,R. Tobar,Universidad de Chile,2323,2.0,D. La Serena,2341,1.0,Regular Season - 27,Chile,Primera División,Triunfo
828587,2323,Universidad de Chile,statistics_fixture_players_828587.json,51130.0,Pablo Aránguiz,0.0,0.0,,,,1.0,1.0,,1.0,0.0,26.0,8.0,M,6.6,1.0,,0.0,,,,2,1.0,2.0,,0.0,,0.0,,,,,,,828587-2323,2022,Match Finished,FT,2022-10-22,P. Maza,Everton de Vina,2325,1.0,Universidad de Chile,2323,1.0,Regular Season - 28,Chile,Primera División,Empate
836859,2323,Universidad de Chile,statistics_fixture_players_836859.json,51130.0,Pablo Aránguiz,1.0,0.0,,,,2.0,1.0,1.0,1.0,0.0,7.0,8.0,M,4.0,1.0,,0.0,,,1.0,nan,,1.0,,0.0,,0.0,,,,,,,836859-2323,2022,Match Finished,FT,2022-10-30,F. González,Universidad de Chile,2323,0.0,Huachipato,2328,4.0,Regular Season - 29,Chile,Primera División,Derrota
828399,2321,Union Espanola,statistics_fixture_players_828399.json,11499.0,Manuel Fernández,0.0,0.0,,,,3.0,3.0,,,0.0,97.0,33.0,D,7.3,0.0,,0.0,,,,41,,49.0,,0.0,,0.0,,,,1.0,4.0,1.0,828399-2321,2022,Match Finished,FT,2022-02-05,C. Cevasco,Palestino,2318,1.0,Union Espanola,2321,1.0,Regular Season - 1,Chile,Primera División,Empate
828405,2321,Union Espanola,statistics_fixture_players_828405.json,11499.0,Manuel Fernández,0.0,1.0,,,,4.0,4.0,,2.0,0.0,90.0,33.0,D,6.5,0.0,,0.0,,,,26,,32.0,,0.0,,0.0,,,,,1.0,1.0,828405-2321,2022,Match Finished,FT,2022-02-13,F. González,Union Espanola,2321,1.0,U. Catolica,2994,2.0,Regular Season - 2,Chile,Primera División,Derrota
828411,2321,Union Espanola,statistics_fixture_players_828411.json,11499.0,Manuel Fernández,0.0,0.0,,,,4.0,4.0,,,0.0,71.0,33.0,D,7.0,0.0,,0.0,,,,27,,33.0,,0.0,,0.0,,,,,4.0,2.0,828411-2321,2022,Match Finished,FT,2022-02-18,C. Droguett,Everton de Vina,2325,1.0,Union Espanola,2321,1.0,Regular Season - 3,Chile,Primera División,Empate
828419,2321,Union Espanola,statistics_fixture_players_828419.json,11499.0,Manuel Fernández,1.0,2.0,,,,6.0,2.0,3.0,1.0,0.0,47.0,33.0,D,5.6,0.0,,0.0,,,,19,,20.0,,0.0,,0.0,,,,,1.0,,828419-2321,2022,Match Finished,FT,2022-02-28,H. Jona,Union Espanola,2321,1.0,Curico Unido,2316,0.0,Regular Season - 4,Chile,Primera División,Triunfo
828432,2321,Union Espanola,statistics_fixture_players_828432.json,11499.0,Manuel Fernández,0.0,0.0,,,,8.0,5.0,2.0,1.0,0.0,90.0,33.0,D,6.7,0.0,,0.0,,,,29,1.0,36.0,,0.0,,0.0,,,1.0,,,,828432-2321,2022,Match Finished,FT,2022-03-27,B. Saravia,Union Espanola,2321,0.0,Universidad de Chile,2323,2.0,Regular Season - 6,Chile,Primera División,Derrota
828442,2321,Union Espanola,statistics_fixture_players_828442.json,11499.0,Manuel Fernández,0.0,0.0,,,,6.0,5.0,,2.0,0.0,99.0,33.0,D,7.2,0.0,,0.0,,,,20,,22.0,,0.0,,0.0,,,,1.0,2.0,,828442-2321,2022,Match Finished,FT,2022-03-21,R. Carvajal,Nublense,2337,0.0,Union Espanola,2321,1.0,Regular Season - 7,Chile,Primera División,Triunfo
828448,2321,Union Espanola,statistics_fixture_players_828448.json,11499.0,Manuel Fernández,0.0,0.0,,,,20.0,17.0,1.0,1.0,0.0,90.0,33.0,D,8.5,0.0,,0.0,,,,25,,29.0,,0.0,,0.0,,1.0,2.0,1.0,5.0,6.0,828448-2321,2022,Match Finished,FT,2022-04-03,C. Droguett,Union Espanola,2321,1.0,A. Italiano,2329,0.0,Regular Season - 8,Chile,Primera División,Triunfo
828451,2321,Union Espanola,statistics_fixture_players_828451.json,11499.0,Manuel Fernández,0.0,1.0,,2.0,,10.0,5.0,1.0,1.0,0.0,90.0,33.0,D,6.5,0.0,,0.0,,,1.0,32,,42.0,,0.0,,0.0,,,,,2.0,,828451-2321,2022,Match Finished,FT,2022-04-10,R. Carvajal,Colo Colo,2315,1.0,Union Espanola,2321,2.0,Regular Season - 9,Chile,Primera División,Triunfo
828461,2321,Union Espanola,statistics_fixture_players_828461.json,11499.0,Manuel Fernández,0.0,0.0,,,,11.0,5.0,4.0,,0.0,90.0,33.0,D,7.2,0.0,,0.0,,,,32,1.0,40.0,,0.0,,0.0,,,,,2.0,3.0,828461-2321,2022,Match Finished,FT,2022-04-15,J. Bascuñán,Union Espanola,2321,2.0,D. La Serena,2341,1.0,Regular Season - 10,Chile,Primera División,Triunfo
828466,2321,Union Espanola,statistics_fixture_players_828466.json,11499.0,Manuel Fernández,0.0,0.0,,,,8.0,7.0,1.0,,0.0,90.0,33.0,D,7.2,0.0,,0.0,,,,42,,49.0,,0.0,,0.0,,,1.0,1.0,2.0,5.0,828466-2321,2022,Match Finished,FT,2022-04-26,B. Saravia,Cobresal,2331,2.0,Union Espanola,2321,2.0,Regular Season - 11,Chile,Primera División,Empate
828477,2321,Union Espanola,statistics_fixture_players_828477.json,11499.0,Manuel Fernández,0.0,0.0,,,,9.0,4.0,2.0,2.0,0.0,96.0,33.0,D,7.0,0.0,,0.0,,,,32,,47.0,,0.0,,0.0,,1.0,1.0,3.0,2.0,,828477-2321,2022,Match Finished,FT,2022-05-07,H. Jona,Union Espanola,2321,2.0,O'Higgins,2320,2.0,Regular Season - 12,Chile,Primera División,Empate
828479,2321,Union Espanola,statistics_fixture_players_828479.json,11499.0,Manuel Fernández,0.0,0.0,,3.0,,12.0,5.0,1.0,1.0,0.0,90.0,33.0,D,7.0,0.0,,0.0,,,,43,1.0,48.0,,0.0,,0.0,,,,,1.0,3.0,828479-2321,2022,Match Finished,FT,2022-05-13,M. Vergara,Antofagasta,2327,0.0,Union Espanola,2321,2.0,Regular Season - 13,Chile,Primera División,Triunfo
828490,2321,Union Espanola,statistics_fixture_players_828490.json,11499.0,Manuel Fernández,0.0,0.0,1.0,,1.0,9.0,4.0,4.0,1.0,0.0,90.0,33.0,D,7.7,0.0,,0.0,,1.0,,19,,28.0,,0.0,,0.0,,1.0,1.0,2.0,2.0,2.0,828490-2321,2022,Match Finished,FT,2022-05-20,A. Hermosilla,Union Espanola,2321,4.0,Coquimbo Unido,2330,2.0,Regular Season - 14,Chile,Primera División,Triunfo
828495,2321,Union Espanola,statistics_fixture_players_828495.json,11499.0,Manuel Fernández,0.0,0.0,,,,6.0,3.0,2.0,,0.0,90.0,33.0,D,6.9,0.0,,0.0,,,,44,,53.0,,0.0,,0.0,,,,,2.0,1.0,828495-2321,2022,Match Finished,FT,2022-05-29,M. Quila,Union La Calera,2326,1.0,Union Espanola,2321,1.0,Regular Season - 15,Chile,Primera División,Empate
828504,2321,Union Espanola,statistics_fixture_players_828504.json,11499.0,Manuel Fernández,1.0,2.0,,,,13.0,8.0,3.0,1.0,0.0,90.0,33.0,D,7.3,0.0,,0.0,,,,41,,52.0,,0.0,,0.0,,,1.0,1.0,2.0,5.0,828504-2321,2022,Match Finished,FT,2022-07-02,J. Lara,Union Espanola,2321,0.0,Palestino,2318,1.0,Regular Season - 16,Chile,Primera División,Derrota
828526,2321,Union Espanola,statistics_fixture_players_828526.json,11499.0,Manuel Fernández,0.0,0.0,,2.0,,11.0,8.0,,,0.0,90.0,33.0,D,6.6,0.0,,0.0,,,,19,,26.0,,0.0,,0.0,,,,1.0,5.0,1.0,828526-2321,2022,Match Finished,FT,2022-07-25,H. Jona,Curico Unido,2316,3.0,Union Espanola,2321,1.0,Regular Season - 19,Chile,Primera División,Derrota
836850,2321,Union Espanola,statistics_fixture_players_836850.json,11499.0,Manuel Fernández,0.0,1.0,,1.0,,9.0,5.0,2.0,,0.0,90.0,33.0,D,7.9,0.0,,0.0,,1.0,,16,,19.0,,0.0,,0.0,,1.0,1.0,3.0,4.0,2.0,836850-2321,2022,Match Finished,FT,2022-07-29,J. Bascuñán,Union Espanola,2321,5.0,Huachipato,2328,2.0,Regular Season - 20,Chile,Primera División,Triunfo
828545,2321,Union Espanola,statistics_fixture_players_828545.json,11499.0,Manuel Fernández,0.0,1.0,,1.0,,4.0,2.0,1.0,1.0,0.0,90.0,33.0,D,6.9,0.0,,0.0,,,,22,,27.0,,0.0,,0.0,,,1.0,2.0,2.0,,828545-2321,2022,Match Finished,FT,2022-08-14,B. Saravia,Union Espanola,2321,2.0,Nublense,2337,1.0,Regular Season - 22,Chile,Primera División,Triunfo
828534,2321,Union Espanola,statistics_fixture_players_828534.json,11499.0,Manuel Fernández,0.0,0.0,,1.0,,5.0,3.0,,,0.0,95.0,33.0,D,7.7,0.0,,0.0,,1.0,,27,,35.0,,0.0,,0.0,,1.0,1.0,2.0,,,828534-2321,2022,Match Finished,FT,2022-08-07,N. Gamboa,Universidad de Chile,2323,1.0,Union Espanola,2321,1.0,Regular Season - 21,Chile,Primera División,Empate
828551,2321,Union Espanola,statistics_fixture_players_828551.json,11499.0,Manuel Fernández,0.0,0.0,,2.0,,13.0,10.0,1.0,1.0,0.0,90.0,33.0,D,7.0,0.0,,0.0,,,,59,,71.0,,0.0,,0.0,,,,1.0,1.0,3.0,828551-2321,2022,Match Finished,FT,2022-08-28,A. Hermosilla,A. Italiano,2329,3.0,Union Espanola,2321,2.0,Regular Season - 23,Chile,Primera División,Derrota
828560,2321,Union Espanola,statistics_fixture_players_828560.json,11499.0,Manuel Fernández,0.0,0.0,,2.0,,6.0,2.0,2.0,,0.0,94.0,33.0,D,5.7,0.0,,0.0,,,,33,,36.0,1.0,0.0,,0.0,,,,,1.0,,828560-2321,2022,Match Finished,FT,2022-09-08,C. Garay,Union Espanola,2321,0.0,Colo Colo,2315,4.0,Regular Season - 24,Chile,Primera División,Derrota
828564,2321,Union Espanola,statistics_fixture_players_828564.json,11499.0,Manuel Fernández,0.0,1.0,,,,15.0,8.0,5.0,1.0,0.0,90.0,33.0,D,7.3,0.0,,0.0,,,,33,,44.0,,0.0,,0.0,,,,1.0,2.0,5.0,828564-2321,2022,Match Finished,FT,2022-09-14,F. Vejar,D. La Serena,2341,1.0,Union Espanola,2321,0.0,Regular Season - 25,Chile,Primera División,Derrota
828574,2321,Union Espanola,statistics_fixture_players_828574.json,11499.0,Manuel Fernández,0.0,0.0,,1.0,,8.0,4.0,2.0,,0.0,90.0,33.0,D,6.6,0.0,,0.0,,,,64,,77.0,,0.0,,0.0,,,,2.0,2.0,1.0,828574-2321,2022,Match Finished,FT,2022-10-02,B. Saravia,Union Espanola,2321,0.0,Cobresal,2331,2.0,Regular Season - 26,Chile,Primera División,Derrota
828507,2321,Union Espanola,statistics_fixture_players_828507.json,11499.0,Manuel Fernández,1.0,2.0,,,,5.0,2.0,3.0,,0.0,66.0,33.0,D,5.6,0.0,,0.0,,,,35,,40.0,1.0,0.0,,0.0,,,,,1.0,1.0,828507-2321,2022,Match Finished,FT,2022-10-19,R. Carvajal,U. Catolica,2994,2.0,Union Espanola,2321,1.0,Regular Season - 17,Chile,Primera División,Derrota
828591,2321,Union Espanola,statistics_fixture_players_828591.json,11499.0,Manuel Fernández,0.0,0.0,,,,4.0,3.0,,,0.0,45.0,33.0,D,7.0,1.0,,0.0,,,,12,,15.0,,0.0,,0.0,,,,2.0,2.0,3.0,828591-2321,2022,Match Finished,FT,2022-10-30,M. Vergara,Coquimbo Unido,2330,3.0,Union Espanola,2321,1.0,Regular Season - 29,Chile,Primera División,Derrota
828602,2321,Union Espanola,statistics_fixture_players_828602.json,11499.0,Manuel Fernández,0.0,0.0,,,,,,,,0.0,0.0,33.0,D,,1.0,,0.0,,,,nan,,,,0.0,,0.0,,,,,,,828602-2321,2022,Match Finished,FT,2022-11-05,F. Gilabert,Union Espanola,2321,1.0,Union La Calera,2326,2.0,Regular Season - 30,Chile,Primera División,Derrota
828395,2994,U. Catolica,statistics_fixture_players_828395.json,11393.0,Juan Leiva,0.0,1.0,,,,11.0,7.0,3.0,2.0,0.0,90.0,22.0,M,7.2,0.0,,0.0,,,,25,,31.0,,0.0,,0.0,,1.0,1.0,,1.0,4.0,828395-2994,2022,Match Finished,FT,2022-02-05,J. Lara,U. Catolica,2994,3.0,Coquimbo Unido,2330,2.0,Regular Season - 1,Chile,Primera División,Triunfo
828405,2994,U. Catolica,statistics_fixture_players_828405.json,11393.0,Juan Leiva,0.0,1.0,,,,3.0,,1.0,,0.0,84.0,22.0,M,6.2,0.0,,0.0,,,,19,,22.0,,0.0,,0.0,,,1.0,,,,828405-2994,2022,Match Finished,FT,2022-02-13,F. González,Union Espanola,2321,1.0,U. Catolica,2994,2.0,Regular Season - 2,Chile,Primera División,Triunfo
828414,2994,U. Catolica,statistics_fixture_players_828414.json,11393.0,Juan Leiva,0.0,0.0,,1.0,,7.0,4.0,2.0,1.0,0.0,80.0,22.0,M,7.0,0.0,,0.0,,,,20,2.0,24.0,,0.0,,0.0,,,2.0,,1.0,2.0,828414-2994,2022,Match Finished,FT,2022-02-20,M. Vergara,Curico Unido,2316,0.0,U. Catolica,2994,1.0,Regular Season - 3,Chile,Primera División,Triunfo
828415,2994,U. Catolica,statistics_fixture_players_828415.json,11393.0,Juan Leiva,0.0,1.0,,,,5.0,1.0,2.0,1.0,0.0,61.0,22.0,M,6.5,0.0,,0.0,,,,12,1.0,19.0,,0.0,,0.0,,,,,,,828415-2994,2022,Match Finished,FT,2022-02-27,F. Vejar,U. Catolica,2994,2.0,Palestino,2318,3.0,Regular Season - 4,Chile,Primera División,Derrota
828423,2994,U. Catolica,statistics_fixture_players_828423.json,11393.0,Juan Leiva,0.0,0.0,,1.0,,4.0,3.0,,1.0,0.0,76.0,22.0,M,7.3,0.0,,0.0,,1.0,,24,2.0,26.0,,0.0,,0.0,,2.0,3.0,,,1.0,828423-2994,2022,Match Finished,FT,2022-03-06,J. Bascuñán,U. Catolica,2994,1.0,Cobresal,2331,3.0,Regular Season - 5,Chile,Primera División,Derrota
828431,2994,U. Catolica,statistics_fixture_players_828431.json,11393.0,Juan Leiva,0.0,0.0,,1.0,,3.0,1.0,,1.0,0.0,73.0,22.0,M,6.6,0.0,,0.0,,,,35,2.0,40.0,,0.0,,0.0,,,1.0,,,,828431-2994,2022,Match Finished,FT,2022-03-12,C. Garay,Everton de Vina,2325,1.0,U. Catolica,2994,0.0,Regular Season - 6,Chile,Primera División,Derrota
828437,2994,U. Catolica,statistics_fixture_players_828437.json,11393.0,Juan Leiva,0.0,0.0,,,,5.0,4.0,,1.0,0.0,45.0,22.0,M,6.6,0.0,,0.0,,,,10,,15.0,,0.0,,0.0,,,,,,3.0,828437-2994,2022,Match Finished,FT,2022-03-19,J. Lara,U. Catolica,2994,1.0,O'Higgins,2320,2.0,Regular Season - 7,Chile,Primera División,Derrota
828443,2994,U. Catolica,statistics_fixture_players_828443.json,11393.0,Juan Leiva,0.0,0.0,,,,8.0,5.0,3.0,2.0,0.0,90.0,22.0,M,6.9,0.0,,0.0,,,,24,,33.0,,0.0,,0.0,,,,,3.0,2.0,828443-2994,2022,Match Finished,FT,2022-04-02,F. González,Universidad de Chile,2323,1.0,U. Catolica,2994,2.0,Regular Season - 8,Chile,Primera División,Triunfo
828452,2994,U. Catolica,statistics_fixture_players_828452.json,11393.0,Juan Leiva,0.0,0.0,,1.0,,2.0,1.0,,,0.0,28.0,22.0,M,6.3,1.0,,0.0,,,,19,,21.0,,0.0,,0.0,,,,,,1.0,828452-2994,2022,Match Finished,FT,2022-04-09,J. Cabero,D. La Serena,2341,2.0,U. Catolica,2994,0.0,Regular Season - 9,Chile,Primera División,Derrota
828465,2994,U. Catolica,statistics_fixture_players_828465.json,11393.0,Juan Leiva,0.0,0.0,1.0,1.0,,13.0,8.0,1.0,1.0,0.0,90.0,22.0,M,7.2,0.0,,0.0,,,1.0,27,,31.0,,0.0,,0.0,,,,,1.0,6.0,828465-2994,2022,Match Finished,FT,2022-04-24,J. Cabero,Colo Colo,2315,1.0,U. Catolica,2994,1.0,Regular Season - 11,Chile,Primera División,Empate
828472,2994,U. Catolica,statistics_fixture_players_828472.json,11393.0,Juan Leiva,0.0,0.0,,,,2.0,1.0,1.0,1.0,0.0,12.0,22.0,M,6.3,0.0,,0.0,,,,3,,4.0,,0.0,,0.0,,,,,,,828472-2994,2022,Match Finished,FT,2022-05-08,N. Gamboa,U. Catolica,2994,0.0,Nublense,2337,4.0,Regular Season - 12,Chile,Primera División,Derrota
836840,2994,U. Catolica,statistics_fixture_players_836840.json,11393.0,Juan Leiva,0.0,0.0,,,,6.0,4.0,1.0,3.0,0.0,78.0,22.0,M,6.6,0.0,,0.0,,,,35,2.0,39.0,,0.0,,0.0,,,,,,,836840-2994,2022,Match Finished,FT,2022-04-17,C. Garay,U. Catolica,2994,0.0,Huachipato,2328,1.0,Regular Season - 10,Chile,Primera División,Derrota
828549,2994,U. Catolica,statistics_fixture_players_828549.json,11393.0,Juan Leiva,0.0,0.0,,,,,,,,0.0,16.0,22.0,M,6.7,1.0,,0.0,,,,12,,12.0,,0.0,,0.0,,,,,,,828549-2994,2022,Match Finished,FT,2022-08-27,J. Bascuñán,U. Catolica,2994,3.0,Universidad de Chile,2323,0.0,Regular Season - 23,Chile,Primera División,Triunfo
828555,2994,U. Catolica,statistics_fixture_players_828555.json,11393.0,Juan Leiva,0.0,0.0,1.0,,1.0,8.0,7.0,1.0,2.0,0.0,27.0,22.0,M,7.3,1.0,,0.0,,,,19,1.0,20.0,,0.0,,0.0,,,,,1.0,4.0,828555-2994,2022,Match Finished,FT,2022-09-10,J. Lara,U. Catolica,2994,4.0,D. La Serena,2341,0.0,Regular Season - 24,Chile,Primera División,Triunfo
836855,2994,U. Catolica,statistics_fixture_players_836855.json,11393.0,Juan Leiva,0.0,0.0,,,,2.0,2.0,,,0.0,14.0,22.0,M,6.9,1.0,,0.0,,,,7,,9.0,,0.0,,0.0,,,,,,1.0,836855-2994,2022,Match Finished,FT,2022-09-14,J. Cabero,Huachipato,2328,0.0,U. Catolica,2994,1.0,Regular Season - 25,Chile,Primera División,Triunfo
828569,2994,U. Catolica,statistics_fixture_players_828569.json,11393.0,Juan Leiva,0.0,0.0,1.0,,,6.0,4.0,1.0,,0.0,31.0,22.0,M,6.6,1.0,,0.0,,,,2,,5.0,,0.0,,0.0,,,,,1.0,3.0,828569-2994,2022,Match Finished,FT,2022-10-04,R. Tobar,U. Catolica,2994,0.0,Colo Colo,2315,0.0,Regular Season - 26,Chile,Primera División,Empate
828582,2994,U. Catolica,statistics_fixture_players_828582.json,11393.0,Juan Leiva,0.0,0.0,,,,1.0,,,,0.0,11.0,22.0,M,6.7,1.0,,0.0,,,,14,1.0,15.0,,0.0,,0.0,,,,,,,828582-2994,2022,Match Finished,FT,2022-10-08,H. Jona,Nublense,2337,2.0,U. Catolica,2994,2.0,Regular Season - 27,Chile,Primera División,Empate
828507,2994,U. Catolica,statistics_fixture_players_828507.json,11393.0,Juan Leiva,0.0,0.0,,1.0,,7.0,2.0,3.0,1.0,0.0,90.0,22.0,M,6.3,0.0,,0.0,,,,11,,14.0,,0.0,,0.0,,,,,3.0,1.0,828507-2994,2022,Match Finished,FT,2022-10-19,R. Carvajal,U. Catolica,2994,2.0,Union Espanola,2321,1.0,Regular Season - 17,Chile,Primera División,Triunfo
828593,2994,U. Catolica,statistics_fixture_players_828593.json,11393.0,Juan Leiva,0.0,0.0,,,,5.0,3.0,1.0,,0.0,52.0,22.0,M,7.0,1.0,,0.0,,,,44,,47.0,,0.0,,0.0,,,,,,3.0,828593-2994,2022,Match Finished,FT,2022-10-31,R. Tobar,A. Italiano,2329,0.0,U. Catolica,2994,0.0,Regular Season - 29,Chile,Primera División,Empate
828584,2994,U. Catolica,statistics_fixture_players_828584.json,11393.0,Juan Leiva,0.0,0.0,,2.0,,5.0,3.0,,,0.0,68.0,22.0,M,6.6,0.0,,0.0,,,,25,,27.0,,0.0,,0.0,,,,,1.0,3.0,828584-2994,2022,Match Finished,FT,2022-10-23,N. Gamboa,U. Catolica,2994,0.0,Union La Calera,2326,4.0,Regular Season - 28,Chile,Primera División,Derrota
828598,2994,U. Catolica,statistics_fixture_players_828598.json,11393.0,Juan Leiva,0.0,0.0,,,,1.0,1.0,,,0.0,12.0,22.0,M,6.3,1.0,,0.0,,,,9,,10.0,,0.0,,0.0,,,,,,,828598-2994,2022,Match Finished,FT,2022-11-06,P. Maza,U. Catolica,2994,2.0,Antofagasta,2327,0.0,Regular Season - 30,Chile,Primera División,Triunfo
836831,2328,Huachipato,statistics_fixture_players_836831.json,11666.0,Juan Córdova,0.0,1.0,2.0,,,10.0,5.0,1.0,1.0,0.0,93.0,11.0,D,6.3,0.0,,0.0,,,,33,1.0,36.0,,0.0,,0.0,,1.0,1.0,,,3.0,836831-2328,2022,Match Finished,FT,2022-02-07,R. Tobar,Huachipato,2328,0.0,Curico Unido,2316,4.0,Regular Season - 1,Chile,Primera División,Derrota
836832,2328,Huachipato,statistics_fixture_players_836832.json,11666.0,Juan Córdova,0.0,0.0,,,,7.0,1.0,1.0,1.0,0.0,96.0,11.0,D,6.7,0.0,,0.0,,,,24,1.0,29.0,,0.0,,0.0,,,1.0,1.0,1.0,,836832-2328,2022,Match Finished,FT,2022-02-12,B. Saravia,A. Italiano,2329,1.0,Huachipato,2328,2.0,Regular Season - 2,Chile,Primera División,Triunfo
836833,2328,Huachipato,statistics_fixture_players_836833.json,11666.0,Juan Córdova,0.0,0.0,,,,4.0,4.0,,,0.0,90.0,11.0,D,7.3,0.0,,0.0,,,,31,1.0,43.0,,0.0,,0.0,,,,,3.0,2.0,836833-2328,2022,Match Finished,FT,2022-02-18,J. Bascuñán,Huachipato,2328,1.0,O'Higgins,2320,1.0,Regular Season - 3,Chile,Primera División,Empate
836834,2328,Huachipato,statistics_fixture_players_836834.json,11666.0,Juan Córdova,0.0,0.0,,1.0,,7.0,5.0,1.0,2.0,0.0,87.0,11.0,D,7.2,0.0,,0.0,,,,21,,31.0,,0.0,,0.0,,,,1.0,,2.0,836834-2328,2022,Match Finished,FT,2022-02-27,J. Cabero,Colo Colo,2315,0.0,Huachipato,2328,1.0,Regular Season - 4,Chile,Primera División,Triunfo
836835,2328,Huachipato,statistics_fixture_players_836835.json,11666.0,Juan Córdova,0.0,0.0,,,,3.0,3.0,,2.0,0.0,38.0,11.0,D,6.9,0.0,,0.0,,,,8,,11.0,,0.0,,0.0,,,,,,1.0,836835-2328,2022,Match Finished,FT,2022-03-05,F. Gilabert,Huachipato,2328,0.0,Union Espanola,2321,1.0,Regular Season - 5,Chile,Primera División,Derrota
836837,2328,Huachipato,statistics_fixture_players_836837.json,11666.0,Juan Córdova,0.0,0.0,,,,4.0,,3.0,,0.0,87.0,11.0,D,6.2,0.0,,0.0,,,,27,1.0,31.0,,0.0,,0.0,,,,,3.0,,836837-2328,2022,Match Finished,FT,2022-03-20,F. González,D. La Serena,2341,3.0,Huachipato,2328,2.0,Regular Season - 7,Chile,Primera División,Derrota
836839,2328,Huachipato,statistics_fixture_players_836839.json,11666.0,Juan Córdova,0.0,0.0,,,,,,,,0.0,0.0,11.0,D,,1.0,,0.0,,,,nan,,,,0.0,,0.0,,,,,,,836839-2328,2022,Match Finished,FT,2022-04-09,M. Quila,Huachipato,2328,1.0,Everton de Vina,2325,0.0,Regular Season - 9,Chile,Primera División,Triunfo
836840,2328,Huachipato,statistics_fixture_players_836840.json,11666.0,Juan Córdova,0.0,0.0,,,,,,,,0.0,0.0,11.0,D,,1.0,,0.0,,,,nan,,,,0.0,,0.0,,,,,,,836840-2328,2022,Match Finished,FT,2022-04-17,C. Garay,U. Catolica,2994,0.0,Huachipato,2328,1.0,Regular Season - 10,Chile,Primera División,Triunfo
836841,2328,Huachipato,statistics_fixture_players_836841.json,11666.0,Juan Córdova,0.0,0.0,1.0,,,1.0,,,,0.0,14.0,11.0,D,6.3,1.0,,0.0,,,,2,,3.0,,0.0,,0.0,,,,,,,836841-2328,2022,Match Finished,FT,2022-04-23,A. Hermosilla,Huachipato,2328,0.0,Antofagasta,2327,0.0,Regular Season - 11,Chile,Primera División,Empate
836842,2328,Huachipato,statistics_fixture_players_836842.json,11666.0,Juan Córdova,0.0,0.0,2.0,1.0,,12.0,7.0,,2.0,0.0,96.0,11.0,D,6.9,0.0,,0.0,,,,19,2.0,28.0,,0.0,,0.0,,,2.0,,,3.0,836842-2328,2022,Match Finished,FT,2022-05-08,G. Ahumada,Huachipato,2328,2.0,Coquimbo Unido,2330,1.0,Regular Season - 12,Chile,Primera División,Triunfo
836843,2328,Huachipato,statistics_fixture_players_836843.json,11666.0,Juan Córdova,0.0,0.0,,,,5.0,2.0,,,0.0,85.0,11.0,D,6.6,0.0,,0.0,,,,15,1.0,22.0,,0.0,,0.0,,,,1.0,1.0,2.0,836843-2328,2022,Match Finished,FT,2022-05-15,B. Saravia,Nublense,2337,3.0,Huachipato,2328,1.0,Regular Season - 13,Chile,Primera División,Derrota
836845,2328,Huachipato,statistics_fixture_players_836845.json,11666.0,Juan Córdova,0.0,0.0,1.0,,,3.0,2.0,,,0.0,39.0,11.0,D,6.7,1.0,,0.0,,,,16,,24.0,,0.0,,0.0,,,,,2.0,,836845-2328,2022,Match Finished,FT,2022-05-28,C. Garay,Palestino,2318,1.0,Huachipato,2328,2.0,Regular Season - 15,Chile,Primera División,Triunfo
836844,2328,Huachipato,statistics_fixture_players_836844.json,11666.0,Juan Córdova,0.0,0.0,2.0,,2.0,3.0,3.0,,,0.0,31.0,11.0,D,6.9,1.0,,0.0,,,,6,,7.0,,0.0,,0.0,,,,,1.0,1.0,836844-2328,2022,Match Finished,FT,2022-05-21,P. Maza,Huachipato,2328,2.0,Universidad de Chile,2323,3.0,Regular Season - 14,Chile,Primera División,Derrota
836846,2328,Huachipato,statistics_fixture_players_836846.json,11666.0,Juan Córdova,0.0,0.0,,1.0,,8.0,6.0,,,0.0,95.0,11.0,D,7.3,0.0,,0.0,,,,43,3.0,51.0,,0.0,,0.0,,,,,2.0,6.0,836846-2328,2022,Match Finished,FT,2022-07-02,N. Gamboa,Curico Unido,2316,2.0,Huachipato,2328,2.0,Regular Season - 16,Chile,Primera División,Empate
836847,2328,Huachipato,statistics_fixture_players_836847.json,11666.0,Juan Córdova,0.0,0.0,,2.0,,3.0,1.0,,,0.0,90.0,11.0,D,6.3,0.0,,0.0,,,,34,,42.0,,0.0,,0.0,,,,1.0,,1.0,836847-2328,2022,Match Finished,FT,2022-07-09,H. Jona,Huachipato,2328,1.0,A. Italiano,2329,1.0,Regular Season - 17,Chile,Primera División,Empate
836848,2328,Huachipato,statistics_fixture_players_836848.json,11666.0,Juan Córdova,0.0,0.0,1.0,,,5.0,1.0,,,0.0,56.0,11.0,D,6.2,0.0,,0.0,,,,13,,25.0,,0.0,,0.0,,,,,2.0,1.0,836848-2328,2022,Match Finished,FT,2022-07-17,M. Vergara,O'Higgins,2320,2.0,Huachipato,2328,1.0,Regular Season - 18,Chile,Primera División,Derrota
836849,2328,Huachipato,statistics_fixture_players_836849.json,11666.0,Juan Córdova,0.0,0.0,1.0,1.0,,4.0,,,,0.0,57.0,11.0,D,6.3,0.0,,0.0,,,,18,,23.0,,0.0,,0.0,,,,1.0,1.0,,836849-2328,2022,Match Finished,FT,2022-07-23,A. Hermosilla,Huachipato,2328,0.0,Colo Colo,2315,1.0,Regular Season - 19,Chile,Primera División,Derrota
836850,2328,Huachipato,statistics_fixture_players_836850.json,11666.0,Juan Córdova,0.0,0.0,,,,1.0,,,,0.0,18.0,11.0,D,6.2,1.0,,0.0,,,,8,1.0,9.0,,0.0,,0.0,,,,,1.0,,836850-2328,2022,Match Finished,FT,2022-07-29,J. Bascuñán,Union Espanola,2321,5.0,Huachipato,2328,2.0,Regular Season - 20,Chile,Primera División,Derrota
836851,2328,Huachipato,statistics_fixture_players_836851.json,11666.0,Juan Córdova,0.0,0.0,,,,,,,,0.0,0.0,11.0,D,,1.0,,0.0,,,,nan,,,,0.0,,0.0,,,,,,,836851-2328,2022,Match Finished,FT,2022-08-08,P. Maza,Union La Calera,2326,4.0,Huachipato,2328,3.0,Regular Season - 21,Chile,Primera División,Derrota
836852,2328,Huachipato,statistics_fixture_players_836852.json,11666.0,Juan Córdova,0.0,0.0,1.0,,,3.0,2.0,,1.0,0.0,15.0,11.0,D,6.6,1.0,,0.0,,,,4,,5.0,,0.0,,0.0,,,,,,1.0,836852-2328,2022,Match Finished,FT,2022-08-14,J. Lara,Huachipato,2328,1.0,D. La Serena,2341,0.0,Regular Season - 22,Chile,Primera División,Triunfo
836858,2328,Huachipato,statistics_fixture_players_836858.json,11666.0,Juan Córdova,0.0,0.0,1.0,,,8.0,4.0,2.0,3.0,0.0,45.0,11.0,M,6.3,1.0,,0.0,,,,11,,15.0,,0.0,,0.0,,,,,1.0,1.0,836858-2328,2022,Match Finished,FT,2022-10-22,J. Cabero,Huachipato,2328,0.0,Nublense,2337,2.0,Regular Season - 28,Chile,Primera División,Derrota
836859,2328,Huachipato,statistics_fixture_players_836859.json,11666.0,Juan Córdova,0.0,0.0,,,,,,,,0.0,15.0,11.0,M,6.9,1.0,,0.0,,,,18,1.0,20.0,,0.0,,0.0,,,,,,,836859-2328,2022,Match Finished,FT,2022-10-30,F. González,Universidad de Chile,2323,0.0,Huachipato,2328,4.0,Regular Season - 29,Chile,Primera División,Triunfo
836860,2328,Huachipato,statistics_fixture_players_836860.json,11666.0,Juan Córdova,0.0,1.0,,,,6.0,3.0,1.0,3.0,1.0,90.0,11.0,M,6.0,0.0,,0.0,,,,24,,36.0,,0.0,,0.0,,,,,1.0,,836860-2328,2022,Match Finished,FT,2022-11-05,B. Saravia,Huachipato,2328,0.0,Palestino,2318,5.0,Regular Season - 30,Chile,Primera División,Derrota
828407,2316,Curico Unido,statistics_fixture_players_828407.json,11941.0,Bayron Oyarzo,0.0,1.0,7.0,,4.0,14.0,4.0,,,0.0,98.0,11.0,F,6.3,0.0,,0.0,,,,11,2.0,19.0,,0.0,,0.0,,,1.0,,,,828407-2316,2022,Match Finished,FT,2022-02-14,J. Lara,Curico Unido,2316,3.0,Cobresal,2331,2.0,Regular Season - 2,Chile,Primera División,Triunfo
828414,2316,Curico Unido,statistics_fixture_players_828414.json,11941.0,Bayron Oyarzo,0.0,0.0,,,,2.0,1.0,,,0.0,45.0,11.0,F,6.3,0.0,,0.0,,,,8,,9.0,,0.0,,0.0,,,,,,1.0,828414-2316,2022,Match Finished,FT,2022-02-20,M. Vergara,Curico Unido,2316,0.0,U. Catolica,2994,1.0,Regular Season - 3,Chile,Primera División,Derrota
828419,2316,Curico Unido,statistics_fixture_players_828419.json,11941.0,Bayron Oyarzo,0.0,0.0,1.0,1.0,,5.0,,1.0,,0.0,31.0,11.0,F,6.7,1.0,,0.0,,,,10,3.0,13.0,,0.0,,0.0,,,,,,,828419-2316,2022,Match Finished,FT,2022-02-28,H. Jona,Union Espanola,2321,1.0,Curico Unido,2316,0.0,Regular Season - 4,Chile,Primera División,Derrota
828428,2316,Curico Unido,statistics_fixture_players_828428.json,11941.0,Bayron Oyarzo,0.0,1.0,,1.0,,5.0,2.0,2.0,1.0,0.0,55.0,11.0,M,6.7,0.0,,0.0,,,,12,,17.0,,0.0,,0.0,,1.0,1.0,,2.0,,828428-2316,2022,Match Finished,FT,2022-03-05,F. Vejar,Curico Unido,2316,1.0,Everton de Vina,2325,1.0,Regular Season - 5,Chile,Primera División,Empate
828434,2316,Curico Unido,statistics_fixture_players_828434.json,11941.0,Bayron Oyarzo,0.0,1.0,2.0,1.0,1.0,7.0,3.0,1.0,,0.0,63.0,11.0,F,6.9,0.0,,0.0,,,,9,1.0,10.0,,0.0,,0.0,,1.0,1.0,,,2.0,828434-2316,2022,Match Finished,FT,2022-03-13,P. Maza,O'Higgins,2320,0.0,Curico Unido,2316,5.0,Regular Season - 6,Chile,Primera División,Triunfo
828441,2316,Curico Unido,statistics_fixture_players_828441.json,11941.0,Bayron Oyarzo,0.0,0.0,5.0,,1.0,13.0,3.0,4.0,1.0,0.0,80.0,11.0,M,6.3,0.0,,0.0,,,,22,,25.0,,0.0,,0.0,,1.0,2.0,,,1.0,828441-2316,2022,Match Finished,FT,2022-03-17,J. Cabero,Curico Unido,2316,1.0,Universidad de Chile,2323,1.0,Regular Season - 7,Chile,Primera División,Empate
828449,2316,Curico Unido,statistics_fixture_players_828449.json,11941.0,Bayron Oyarzo,0.0,1.0,5.0,1.0,4.0,16.0,7.0,3.0,1.0,0.0,85.0,11.0,F,7.0,0.0,,0.0,,,,17,1.0,24.0,,0.0,,0.0,,,1.0,,3.0,2.0,828449-2316,2022,Match Finished,FT,2022-04-04,M. Vergara,Palestino,2318,0.0,Curico Unido,2316,0.0,Regular Season - 8,Chile,Primera División,Empate
828455,2316,Curico Unido,statistics_fixture_players_828455.json,11941.0,Bayron Oyarzo,0.0,0.0,7.0,1.0,1.0,13.0,3.0,3.0,,0.0,80.0,11.0,M,6.3,0.0,,0.0,,,1.0,18,2.0,25.0,,0.0,,0.0,,,,,1.0,2.0,828455-2316,2022,Match Finished,FT,2022-04-10,A. Hermosilla,Curico Unido,2316,0.0,Union La Calera,2326,0.0,Regular Season - 9,Chile,Primera División,Empate
828457,2316,Curico Unido,statistics_fixture_players_828457.json,11941.0,Bayron Oyarzo,0.0,0.0,1.0,,,12.0,6.0,1.0,2.0,0.0,66.0,11.0,M,7.2,0.0,1.0,0.0,,,,19,1.0,21.0,,0.0,,0.0,,,3.0,,1.0,3.0,828457-2316,2022,Match Finished,FT,2022-04-17,J. Lara,Antofagasta,2327,0.0,Curico Unido,2316,2.0,Regular Season - 10,Chile,Primera División,Triunfo
828469,2316,Curico Unido,statistics_fixture_players_828469.json,11941.0,Bayron Oyarzo,0.0,0.0,1.0,,1.0,3.0,3.0,,,0.0,9.0,11.0,F,6.9,1.0,,0.0,,,,2,,5.0,,0.0,,0.0,,,,,,1.0,828469-2316,2022,Match Finished,FT,2022-04-23,H. Jona,Curico Unido,2316,3.0,D. La Serena,2341,1.0,Regular Season - 11,Chile,Primera División,Triunfo
836831,2316,Curico Unido,statistics_fixture_players_836831.json,11941.0,Bayron Oyarzo,0.0,0.0,6.0,,2.0,16.0,6.0,2.0,1.0,0.0,93.0,11.0,F,6.7,0.0,,0.0,,,,11,1.0,17.0,,0.0,,0.0,,,,,1.0,3.0,836831-2316,2022,Match Finished,FT,2022-02-07,R. Tobar,Huachipato,2328,0.0,Curico Unido,2316,4.0,Regular Season - 1,Chile,Primera División,Triunfo
828471,2316,Curico Unido,statistics_fixture_players_828471.json,11941.0,Bayron Oyarzo,0.0,0.0,6.0,,4.0,15.0,9.0,1.0,3.0,0.0,51.0,11.0,F,6.6,1.0,,0.0,,,,14,,17.0,,0.0,,0.0,,1.0,2.0,,1.0,1.0,828471-2316,2022,Match Finished,FT,2022-05-09,J. Bascuñán,Colo Colo,2315,2.0,Curico Unido,2316,1.0,Regular Season - 12,Chile,Primera División,Derrota
828482,2316,Curico Unido,statistics_fixture_players_828482.json,11941.0,Bayron Oyarzo,0.0,0.0,,1.0,,9.0,2.0,3.0,1.0,0.0,82.0,11.0,F,8.5,0.0,,0.0,,2.0,,18,1.0,27.0,,0.0,,0.0,,2.0,2.0,2.0,1.0,1.0,828482-2316,2022,Match Finished,FT,2022-05-16,F. Vejar,A. Italiano,2329,1.0,Curico Unido,2316,4.0,Regular Season - 13,Chile,Primera División,Triunfo
828491,2316,Curico Unido,statistics_fixture_players_828491.json,11941.0,Bayron Oyarzo,0.0,0.0,7.0,2.0,4.0,20.0,10.0,1.0,2.0,0.0,75.0,11.0,F,6.7,0.0,,0.0,,,,11,,15.0,,0.0,,0.0,,,,,2.0,1.0,828491-2316,2022,Match Finished,FT,2022-05-22,M. Vergara,Curico Unido,2316,1.0,Nublense,2337,3.0,Regular Season - 14,Chile,Primera División,Derrota
828494,2316,Curico Unido,statistics_fixture_players_828494.json,11941.0,Bayron Oyarzo,0.0,0.0,2.0,,2.0,7.0,4.0,1.0,1.0,0.0,59.0,11.0,M,8.0,0.0,1.0,0.0,,1.0,,19,1.0,26.0,,0.0,,0.0,,1.0,1.0,,2.0,,828494-2316,2022,Match Finished,FT,2022-05-27,G. Ahumada,Coquimbo Unido,2330,0.0,Curico Unido,2316,3.0,Regular Season - 15,Chile,Primera División,Triunfo
836846,2316,Curico Unido,statistics_fixture_players_836846.json,11941.0,Bayron Oyarzo,0.0,0.0,9.0,,4.0,19.0,9.0,3.0,2.0,0.0,73.0,11.0,M,7.2,0.0,1.0,0.0,,,,24,3.0,28.0,,0.0,,0.0,,,,,,3.0,836846-2316,2022,Match Finished,FT,2022-07-02,N. Gamboa,Curico Unido,2316,2.0,Huachipato,2328,2.0,Regular Season - 16,Chile,Primera División,Empate
828508,2316,Curico Unido,statistics_fixture_players_828508.json,11941.0,Bayron Oyarzo,0.0,0.0,2.0,1.0,1.0,8.0,3.0,1.0,1.0,0.0,76.0,11.0,M,6.2,0.0,,0.0,,,1.0,4,,16.0,,0.0,,0.0,,1.0,1.0,,,,828508-2316,2022,Match Finished,FT,2022-07-09,C. Garay,Cobresal,2331,0.0,Curico Unido,2316,1.0,Regular Season - 17,Chile,Primera División,Triunfo
828514,2316,Curico Unido,statistics_fixture_players_828514.json,11941.0,Bayron Oyarzo,0.0,0.0,5.0,,2.0,16.0,7.0,1.0,2.0,0.0,90.0,11.0,M,7.2,0.0,,0.0,,1.0,,25,2.0,28.0,,0.0,,0.0,,1.0,3.0,,2.0,2.0,828514-2316,2022,Match Finished,FT,2022-07-17,F. Vejar,U. Catolica,2994,2.0,Curico Unido,2316,3.0,Regular Season - 18,Chile,Primera División,Triunfo
828526,2316,Curico Unido,statistics_fixture_players_828526.json,11941.0,Bayron Oyarzo,0.0,0.0,4.0,,2.0,15.0,7.0,2.0,3.0,0.0,57.0,11.0,M,6.7,0.0,,0.0,,,,14,1.0,19.0,,0.0,,0.0,,,,,,2.0,828526-2316,2022,Match Finished,FT,2022-07-25,H. Jona,Curico Unido,2316,3.0,Union Espanola,2321,1.0,Regular Season - 19,Chile,Primera División,Triunfo
828530,2316,Curico Unido,statistics_fixture_players_828530.json,11941.0,Bayron Oyarzo,0.0,0.0,,1.0,,3.0,,1.0,,0.0,56.0,11.0,M,6.2,0.0,,0.0,,,,12,,17.0,,0.0,,0.0,,2.0,2.0,,,,828530-2316,2022,Match Finished,FT,2022-07-30,J. Lara,Everton de Vina,2325,4.0,Curico Unido,2316,0.0,Regular Season - 20,Chile,Primera División,Derrota
828540,2316,Curico Unido,statistics_fixture_players_828540.json,11941.0,Bayron Oyarzo,0.0,0.0,3.0,2.0,3.0,16.0,6.0,1.0,2.0,0.0,74.0,11.0,F,6.9,0.0,,0.0,,,,6,,12.0,,0.0,,0.0,,2.0,2.0,,,1.0,828540-2316,2022,Match Finished,FT,2022-08-06,B. Saravia,Curico Unido,2316,0.0,O'Higgins,2320,0.0,Regular Season - 21,Chile,Primera División,Empate
828541,2316,Curico Unido,statistics_fixture_players_828541.json,11941.0,Bayron Oyarzo,0.0,0.0,4.0,,3.0,7.0,5.0,1.0,,0.0,21.0,11.0,F,7.3,1.0,1.0,0.0,,,,5,1.0,6.0,,0.0,,0.0,,,,,,2.0,828541-2316,2022,Match Finished,FT,2022-08-13,F. González,Universidad de Chile,2323,1.0,Curico Unido,2316,3.0,Regular Season - 22,Chile,Primera División,Triunfo
828553,2316,Curico Unido,statistics_fixture_players_828553.json,11941.0,Bayron Oyarzo,0.0,1.0,3.0,,3.0,13.0,7.0,3.0,1.0,0.0,64.0,11.0,F,6.9,0.0,,0.0,,,1.0,15,,23.0,,0.0,,0.0,,,1.0,,,2.0,828553-2316,2022,Match Finished,FT,2022-08-27,C. Garay,Curico Unido,2316,1.0,Palestino,2318,2.0,Regular Season - 23,Chile,Primera División,Derrota
828559,2316,Curico Unido,statistics_fixture_players_828559.json,11941.0,Bayron Oyarzo,0.0,0.0,6.0,2.0,6.0,18.0,9.0,1.0,,0.0,77.0,11.0,F,7.3,0.0,,0.0,,,,21,1.0,28.0,,0.0,,0.0,,,1.0,,2.0,3.0,828559-2316,2022,Match Finished,FT,2022-09-08,H. Jona,Union La Calera,2326,0.0,Curico Unido,2316,2.0,Regular Season - 24,Chile,Primera División,Triunfo
828570,2316,Curico Unido,statistics_fixture_players_828570.json,11941.0,Bayron Oyarzo,0.0,0.0,11.0,2.0,5.0,22.0,10.0,3.0,3.0,0.0,94.0,11.0,M,6.9,0.0,,0.0,,,,33,4.0,40.0,,0.0,,0.0,,3.0,5.0,,1.0,2.0,828570-2316,2022,Match Finished,FT,2022-10-01,N. Gamboa,D. La Serena,2341,0.0,Curico Unido,2316,1.0,Regular Season - 26,Chile,Primera División,Triunfo
828581,2316,Curico Unido,statistics_fixture_players_828581.json,11941.0,Bayron Oyarzo,0.0,0.0,1.0,,,15.0,6.0,1.0,3.0,0.0,83.0,11.0,F,6.6,0.0,,0.0,,,,7,2.0,14.0,,0.0,,0.0,,,,1.0,,2.0,828581-2316,2022,Match Finished,FT,2022-10-09,J. Bascuñán,Curico Unido,2316,1.0,Colo Colo,2315,1.0,Regular Season - 27,Chile,Primera División,Empate
828596,2316,Curico Unido,statistics_fixture_players_828596.json,11941.0,Bayron Oyarzo,0.0,1.0,4.0,,3.0,14.0,6.0,2.0,2.0,0.0,66.0,11.0,M,6.2,0.0,1.0,0.0,,,,15,1.0,19.0,,0.0,,0.0,,1.0,1.0,,1.0,,828596-2316,2022,Match Finished,FT,2022-10-31,R. Carvajal,Nublense,2337,2.0,Curico Unido,2316,1.0,Regular Season - 29,Chile,Primera División,Derrota
828589,2316,Curico Unido,statistics_fixture_players_828589.json,11941.0,Bayron Oyarzo,0.0,0.0,6.0,,2.0,15.0,6.0,1.0,2.0,0.0,90.0,11.0,M,7.7,0.0,,0.0,,1.0,,30,1.0,32.0,,0.0,,0.0,,3.0,5.0,,1.0,2.0,828589-2316,2022,Match Finished,FT,2022-10-24,F. González,Curico Unido,2316,1.0,A. Italiano,2329,1.0,Regular Season - 28,Chile,Primera División,Empate
828603,2316,Curico Unido,statistics_fixture_players_828603.json,11941.0,Bayron Oyarzo,0.0,0.0,6.0,,4.0,12.0,8.0,1.0,3.0,0.0,83.0,11.0,M,6.9,0.0,,0.0,,,,36,1.0,38.0,,0.0,,0.0,,,1.0,,,,828603-2316,2022,Match Finished,FT,2022-11-06,J. Cabero,Curico Unido,2316,1.0,Coquimbo Unido,2330,1.0,Regular Season - 30,Chile,Primera División,Empate
828407,2316,Curico Unido,statistics_fixture_players_828407.json,5390.0,Federico Castro,0.0,1.0,3.0,2.0,2.0,10.0,4.0,1.0,1.0,0.0,85.0,20.0,F,6.5,0.0,,0.0,,,,15,,18.0,,0.0,,0.0,,,,,,1.0,828407-2316,2022,Match Finished,FT,2022-02-14,J. Lara,Curico Unido,2316,3.0,Cobresal,2331,2.0,Regular Season - 2,Chile,Primera División,Triunfo
828414,2316,Curico Unido,statistics_fixture_players_828414.json,5390.0,Federico Castro,0.0,0.0,2.0,,1.0,9.0,3.0,1.0,2.0,0.0,101.0,20.0,F,6.9,0.0,,0.0,,,,19,1.0,23.0,,0.0,,0.0,,1.0,2.0,,,,828414-2316,2022,Match Finished,FT,2022-02-20,M. Vergara,Curico Unido,2316,0.0,U. Catolica,2994,1.0,Regular Season - 3,Chile,Primera División,Derrota
828419,2316,Curico Unido,statistics_fixture_players_828419.json,5390.0,Federico Castro,0.0,0.0,4.0,,3.0,14.0,9.0,1.0,4.0,0.0,59.0,20.0,F,7.0,0.0,,0.0,,,,20,,25.0,,0.0,,0.0,,1.0,2.0,,,,828419-2316,2022,Match Finished,FT,2022-02-28,H. Jona,Union Espanola,2321,1.0,Curico Unido,2316,0.0,Regular Season - 4,Chile,Primera División,Derrota
828428,2316,Curico Unido,statistics_fixture_players_828428.json,5390.0,Federico Castro,0.0,0.0,,,,6.0,2.0,1.0,,0.0,84.0,20.0,F,7.0,0.0,,0.0,,1.0,,19,1.0,26.0,,0.0,,1.0,,1.0,2.0,,,,828428-2316,2022,Match Finished,FT,2022-03-05,F. Vejar,Curico Unido,2316,1.0,Everton de Vina,2325,1.0,Regular Season - 5,Chile,Primera División,Empate
828434,2316,Curico Unido,statistics_fixture_players_828434.json,5390.0,Federico Castro,0.0,0.0,,1.0,,10.0,2.0,3.0,1.0,0.0,72.0,20.0,F,7.9,0.0,1.0,0.0,,1.0,,16,1.0,24.0,,0.0,,0.0,,1.0,1.0,,,1.0,828434-2316,2022,Match Finished,FT,2022-03-13,P. Maza,O'Higgins,2320,0.0,Curico Unido,2316,5.0,Regular Season - 6,Chile,Primera División,Triunfo
828441,2316,Curico Unido,statistics_fixture_players_828441.json,5390.0,Federico Castro,0.0,0.0,1.0,,,8.0,2.0,3.0,1.0,0.0,73.0,20.0,M,6.3,0.0,,0.0,,,1.0,17,,21.0,,0.0,,0.0,,1.0,1.0,,,1.0,828441-2316,2022,Match Finished,FT,2022-03-17,J. Cabero,Curico Unido,2316,1.0,Universidad de Chile,2323,1.0,Regular Season - 7,Chile,Primera División,Empate
828449,2316,Curico Unido,statistics_fixture_players_828449.json,5390.0,Federico Castro,0.0,0.0,1.0,,1.0,5.0,3.0,,1.0,0.0,21.0,20.0,F,6.6,1.0,,0.0,,,,6,,8.0,,0.0,,0.0,,,,,,,828449-2316,2022,Match Finished,FT,2022-04-04,M. Vergara,Palestino,2318,0.0,Curico Unido,2316,0.0,Regular Season - 8,Chile,Primera División,Empate
828455,2316,Curico Unido,statistics_fixture_players_828455.json,5390.0,Federico Castro,0.0,1.0,1.0,,,10.0,5.0,3.0,1.0,0.0,80.0,20.0,M,6.7,0.0,,0.0,,,,15,,25.0,,0.0,,0.0,,,,,1.0,1.0,828455-2316,2022,Match Finished,FT,2022-04-10,A. Hermosilla,Curico Unido,2316,0.0,Union La Calera,2326,0.0,Regular Season - 9,Chile,Primera División,Empate
828457,2316,Curico Unido,statistics_fixture_players_828457.json,5390.0,Federico Castro,0.0,0.0,,,,3.0,,2.0,,0.0,72.0,20.0,M,7.0,0.0,,0.0,,,,19,3.0,21.0,,0.0,,0.0,,2.0,3.0,,,,828457-2316,2022,Match Finished,FT,2022-04-17,J. Lara,Antofagasta,2327,0.0,Curico Unido,2316,2.0,Regular Season - 10,Chile,Primera División,Triunfo
828469,2316,Curico Unido,statistics_fixture_players_828469.json,5390.0,Federico Castro,0.0,0.0,2.0,1.0,,13.0,5.0,2.0,2.0,0.0,87.0,20.0,M,6.6,0.0,,0.0,,,,30,2.0,42.0,,0.0,,0.0,,,,,,1.0,828469-2316,2022,Match Finished,FT,2022-04-23,H. Jona,Curico Unido,2316,3.0,D. La Serena,2341,1.0,Regular Season - 11,Chile,Primera División,Triunfo
836831,2316,Curico Unido,statistics_fixture_players_836831.json,5390.0,Federico Castro,0.0,0.0,1.0,,,9.0,6.0,,3.0,0.0,74.0,20.0,F,7.9,0.0,,0.0,,1.0,,13,1.0,18.0,,0.0,,1.0,,2.0,3.0,,1.0,2.0,836831-2316,2022,Match Finished,FT,2022-02-07,R. Tobar,Huachipato,2328,0.0,Curico Unido,2316,4.0,Regular Season - 1,Chile,Primera División,Triunfo
828471,2316,Curico Unido,statistics_fixture_players_828471.json,5390.0,Federico Castro,0.0,0.0,6.0,,3.0,11.0,4.0,1.0,1.0,0.0,96.0,20.0,M,6.3,0.0,1.0,0.0,,,1.0,23,3.0,37.0,,0.0,,0.0,,,1.0,,,,828471-2316,2022,Match Finished,FT,2022-05-09,J. Bascuñán,Colo Colo,2315,2.0,Curico Unido,2316,1.0,Regular Season - 12,Chile,Primera División,Derrota
828482,2316,Curico Unido,statistics_fixture_players_828482.json,5390.0,Federico Castro,0.0,0.0,,,,1.0,,,,0.0,25.0,20.0,F,6.7,1.0,,0.0,,,,4,,6.0,,0.0,,0.0,,,,,,,828482-2316,2022,Match Finished,FT,2022-05-16,F. Vejar,A. Italiano,2329,1.0,Curico Unido,2316,4.0,Regular Season - 13,Chile,Primera División,Triunfo
828491,2316,Curico Unido,statistics_fixture_players_828491.json,5390.0,Federico Castro,0.0,0.0,1.0,,,2.0,1.0,,1.0,0.0,15.0,20.0,F,6.9,1.0,,0.0,,,,9,1.0,10.0,,0.0,,0.0,,,,,,,828491-2316,2022,Match Finished,FT,2022-05-22,M. Vergara,Curico Unido,2316,1.0,Nublense,2337,3.0,Regular Season - 14,Chile,Primera División,Derrota
828494,2316,Curico Unido,statistics_fixture_players_828494.json,5390.0,Federico Castro,0.0,0.0,,,,,,,,0.0,13.0,20.0,F,6.6,1.0,,0.0,,,,10,1.0,11.0,,0.0,,0.0,,,,,,,828494-2316,2022,Match Finished,FT,2022-05-27,G. Ahumada,Coquimbo Unido,2330,0.0,Curico Unido,2316,3.0,Regular Season - 15,Chile,Primera División,Triunfo
836846,2316,Curico Unido,statistics_fixture_players_836846.json,5390.0,Federico Castro,0.0,1.0,3.0,3.0,1.0,13.0,4.0,3.0,,0.0,95.0,20.0,F,6.6,0.0,,0.0,,,1.0,16,2.0,24.0,,0.0,,0.0,,1.0,3.0,,1.0,,836846-2316,2022,Match Finished,FT,2022-07-02,N. Gamboa,Curico Unido,2316,2.0,Huachipato,2328,2.0,Regular Season - 16,Chile,Primera División,Empate
828508,2316,Curico Unido,statistics_fixture_players_828508.json,5390.0,Federico Castro,0.0,0.0,3.0,1.0,3.0,16.0,9.0,3.0,2.0,0.0,87.0,20.0,F,6.9,0.0,,0.0,,,2.0,4,,17.0,,0.0,,0.0,,,,1.0,,1.0,828508-2316,2022,Match Finished,FT,2022-07-09,C. Garay,Cobresal,2331,0.0,Curico Unido,2316,1.0,Regular Season - 17,Chile,Primera División,Triunfo
828514,2316,Curico Unido,statistics_fixture_players_828514.json,5390.0,Federico Castro,0.0,0.0,2.0,,1.0,6.0,4.0,,1.0,0.0,73.0,20.0,F,7.2,0.0,1.0,0.0,,,,16,2.0,24.0,,0.0,,0.0,,,1.0,,,1.0,828514-2316,2022,Match Finished,FT,2022-07-17,F. Vejar,U. Catolica,2994,2.0,Curico Unido,2316,3.0,Regular Season - 18,Chile,Primera División,Triunfo
828526,2316,Curico Unido,statistics_fixture_players_828526.json,5390.0,Federico Castro,0.0,0.0,3.0,1.0,3.0,5.0,3.0,,,0.0,33.0,20.0,F,7.2,1.0,,0.0,,1.0,1.0,9,,12.0,,0.0,,0.0,,1.0,1.0,,,,828526-2316,2022,Match Finished,FT,2022-07-25,H. Jona,Curico Unido,2316,3.0,Union Espanola,2321,1.0,Regular Season - 19,Chile,Primera División,Triunfo
828530,2316,Curico Unido,statistics_fixture_players_828530.json,5390.0,Federico Castro,0.0,0.0,,,,3.0,2.0,,,0.0,37.0,20.0,F,6.9,1.0,,0.0,,,,11,,12.0,,0.0,,0.0,,1.0,3.0,,,1.0,828530-2316,2022,Match Finished,FT,2022-07-30,J. Lara,Everton de Vina,2325,4.0,Curico Unido,2316,0.0,Regular Season - 20,Chile,Primera División,Derrota
828540,2316,Curico Unido,statistics_fixture_players_828540.json,5390.0,Federico Castro,0.0,0.0,,,,2.0,,,,0.0,16.0,20.0,F,5.9,1.0,,0.0,,,,9,,11.0,,0.0,,0.0,,,,,,,828540-2316,2022,Match Finished,FT,2022-08-06,B. Saravia,Curico Unido,2316,0.0,O'Higgins,2320,0.0,Regular Season - 21,Chile,Primera División,Empate
828541,2316,Curico Unido,statistics_fixture_players_828541.json,5390.0,Federico Castro,0.0,0.0,1.0,,1.0,13.0,7.0,4.0,2.0,0.0,75.0,20.0,M,6.6,0.0,,0.0,,,1.0,30,1.0,41.0,,0.0,,0.0,,1.0,2.0,,,4.0,828541-2316,2022,Match Finished,FT,2022-08-13,F. González,Universidad de Chile,2323,1.0,Curico Unido,2316,3.0,Regular Season - 22,Chile,Primera División,Triunfo
828553,2316,Curico Unido,statistics_fixture_players_828553.json,5390.0,Federico Castro,0.0,1.0,3.0,1.0,3.0,15.0,4.0,3.0,1.0,0.0,97.0,20.0,F,6.7,0.0,,0.0,,,,36,1.0,47.0,,0.0,,0.0,,,,,,,828553-2316,2022,Match Finished,FT,2022-08-27,C. Garay,Curico Unido,2316,1.0,Palestino,2318,2.0,Regular Season - 23,Chile,Primera División,Derrota
828567,2316,Curico Unido,statistics_fixture_players_828567.json,5390.0,Federico Castro,0.0,1.0,,1.0,,13.0,8.0,1.0,5.0,0.0,87.0,20.0,F,6.6,0.0,,0.0,,,,26,,41.0,,0.0,,0.0,,1.0,3.0,,,2.0,828567-2316,2022,Match Finished,FT,2022-09-15,J. Bascuñán,Curico Unido,2316,0.0,Antofagasta,2327,0.0,Regular Season - 25,Chile,Primera División,Empate
828559,2316,Curico Unido,statistics_fixture_players_828559.json,5390.0,Federico Castro,0.0,0.0,2.0,2.0,1.0,11.0,5.0,1.0,2.0,0.0,77.0,20.0,F,7.2,0.0,,0.0,,1.0,1.0,17,,28.0,,0.0,,1.0,1.0,1.0,1.0,,,,828559-2316,2022,Match Finished,FT,2022-09-08,H. Jona,Union La Calera,2326,0.0,Curico Unido,2316,2.0,Regular Season - 24,Chile,Primera División,Triunfo
828570,2316,Curico Unido,statistics_fixture_players_828570.json,5390.0,Federico Castro,0.0,0.0,1.0,,1.0,9.0,6.0,,4.0,0.0,73.0,20.0,F,7.9,0.0,,0.0,,1.0,,16,1.0,23.0,,0.0,,1.0,1.0,1.0,1.0,,2.0,1.0,828570-2316,2022,Match Finished,FT,2022-10-01,N. Gamboa,D. La Serena,2341,0.0,Curico Unido,2316,1.0,Regular Season - 26,Chile,Primera División,Triunfo
828596,2316,Curico Unido,statistics_fixture_players_828596.json,5390.0,Federico Castro,0.0,0.0,3.0,1.0,2.0,12.0,5.0,2.0,1.0,0.0,99.0,20.0,M,6.2,0.0,,0.0,,,,12,2.0,18.0,,0.0,,0.0,,,,,,1.0,828596-2316,2022,Match Finished,FT,2022-10-31,R. Carvajal,Nublense,2337,2.0,Curico Unido,2316,1.0,Regular Season - 29,Chile,Primera División,Derrota
828589,2316,Curico Unido,statistics_fixture_players_828589.json,5390.0,Federico Castro,0.0,1.0,,3.0,,7.0,4.0,,1.0,0.0,75.0,20.0,F,7.2,0.0,,0.0,,,,27,2.0,32.0,,0.0,,0.0,,1.0,2.0,,,3.0,828589-2316,2022,Match Finished,FT,2022-10-24,F. González,Curico Unido,2316,1.0,A. Italiano,2329,1.0,Regular Season - 28,Chile,Primera División,Empate
828603,2316,Curico Unido,statistics_fixture_players_828603.json,5390.0,Federico Castro,0.0,1.0,,1.0,,9.0,3.0,3.0,1.0,0.0,70.0,20.0,M,6.3,0.0,,0.0,,,,21,1.0,32.0,,0.0,,0.0,,1.0,1.0,,,,828603-2316,2022,Match Finished,FT,2022-11-06,J. Cabero,Curico Unido,2316,1.0,Coquimbo Unido,2330,1.0,Regular Season - 30,Chile,Primera División,Empate
828412,2329,A. Italiano,statistics_fixture_players_828412.json,11511.0,Jorge Henríquez,0.0,0.0,1.0,,,6.0,1.0,,1.0,0.0,45.0,10.0,M,6.2,1.0,,0.0,,,1.0,10,,20.0,,0.0,,0.0,,,1.0,,,,828412-2329,2022,Match Finished,FT,2022-02-19,J. Lara,A. Italiano,2329,1.0,Colo Colo,2315,1.0,Regular Season - 3,Chile,Primera División,Empate
828416,2329,A. Italiano,statistics_fixture_players_828416.json,11511.0,Jorge Henríquez,0.0,1.0,1.0,1.0,1.0,15.0,10.0,2.0,9.0,0.0,90.0,10.0,M,7.2,0.0,,0.0,,,,45,3.0,56.0,,0.0,,0.0,,2.0,3.0,,,,828416-2329,2022,Match Finished,FT,2022-02-26,M. Carvajal,Antofagasta,2327,3.0,A. Italiano,2329,0.0,Regular Season - 4,Chile,Primera División,Derrota
828427,2329,A. Italiano,statistics_fixture_players_828427.json,11511.0,Jorge Henríquez,0.0,0.0,1.0,1.0,,7.0,2.0,,,0.0,79.0,10.0,M,6.9,0.0,1.0,0.0,,,,20,1.0,27.0,,0.0,,0.0,,1.0,1.0,,,2.0,828427-2329,2022,Match Finished,FT,2022-03-06,M. Araos,A. Italiano,2329,2.0,O'Higgins,2320,2.0,Regular Season - 5,Chile,Primera División,Empate
828433,2329,A. Italiano,statistics_fixture_players_828433.json,11511.0,Jorge Henríquez,0.0,1.0,2.0,,1.0,6.0,3.0,1.0,,0.0,74.0,10.0,M,7.6,0.0,1.0,0.0,,,,28,3.0,36.0,,0.0,,0.0,,,2.0,,,2.0,828433-2329,2022,Match Finished,FT,2022-03-13,N. Millas,Palestino,2318,1.0,A. Italiano,2329,3.0,Regular Season - 6,Chile,Primera División,Triunfo
828440,2329,A. Italiano,statistics_fixture_players_828440.json,11511.0,Jorge Henríquez,0.0,1.0,1.0,2.0,,14.0,4.0,4.0,3.0,0.0,90.0,10.0,M,6.2,0.0,,0.0,,,1.0,52,2.0,62.0,,0.0,,0.0,,,1.0,,1.0,,828440-2329,2022,Match Finished,FT,2022-03-20,N. Gamboa,A. Italiano,2329,0.0,Everton de Vina,2325,0.0,Regular Season - 7,Chile,Primera División,Empate
828448,2329,A. Italiano,statistics_fixture_players_828448.json,11511.0,Jorge Henríquez,0.0,1.0,1.0,,1.0,7.0,5.0,1.0,2.0,0.0,49.0,10.0,M,6.9,1.0,,0.0,,,,18,1.0,22.0,,0.0,,0.0,,,1.0,,,1.0,828448-2329,2022,Match Finished,FT,2022-04-03,C. Droguett,Union Espanola,2321,1.0,A. Italiano,2329,0.0,Regular Season - 8,Chile,Primera División,Derrota
828496,2329,A. Italiano,statistics_fixture_players_828496.json,11511.0,Jorge Henríquez,0.0,1.0,,,,1.0,1.0,,,0.0,18.0,10.0,M,6.9,1.0,,0.0,,,,8,1.0,9.0,,0.0,,0.0,,,1.0,,,1.0,828496-2329,2022,Match Finished,FT,2022-05-28,J. Bascuñán,A. Italiano,2329,2.0,D. La Serena,2341,3.0,Regular Season - 15,Chile,Primera División,Derrota
828503,2329,A. Italiano,statistics_fixture_players_828503.json,11511.0,Jorge Henríquez,0.0,1.0,,,,,,,,0.0,0.0,10.0,M,,1.0,,0.0,,,,nan,,,,0.0,,0.0,,,,,,,828503-2329,2022,Match Finished,FT,2022-06-30,M. Vergara,A. Italiano,2329,2.0,Nublense,2337,1.0,Regular Season - 16,Chile,Primera División,Triunfo
828513,2329,A. Italiano,statistics_fixture_players_828513.json,11511.0,Jorge Henríquez,0.0,0.0,,,,1.0,1.0,,1.0,0.0,8.0,10.0,M,6.7,1.0,,0.0,,,,2,,4.0,,0.0,,0.0,,,,1.0,,,828513-2329,2022,Match Finished,FT,2022-07-16,R. Carvajal,Colo Colo,2315,2.0,A. Italiano,2329,1.0,Regular Season - 18,Chile,Primera División,Derrota
828524,2329,A. Italiano,statistics_fixture_players_828524.json,11511.0,Jorge Henríquez,1.0,2.0,,,,4.0,3.0,1.0,1.0,0.0,36.0,10.0,M,6.3,1.0,,0.0,,,,6,1.0,11.0,,0.0,,0.0,,,,,,1.0,828524-2329,2022,Match Finished,FT,2022-07-23,F. Gilabert,A. Italiano,2329,3.0,Antofagasta,2327,2.0,Regular Season - 19,Chile,Primera División,Triunfo
828539,2329,A. Italiano,statistics_fixture_players_828539.json,11511.0,Jorge Henríquez,0.0,0.0,1.0,,,5.0,3.0,,3.0,0.0,51.0,10.0,M,7.2,1.0,,0.0,,1.0,,18,,19.0,,0.0,,0.0,,1.0,2.0,,,,828539-2329,2022,Match Finished,FT,2022-08-07,H. Jona,A. Italiano,2329,3.0,Palestino,2318,3.0,Regular Season - 21,Chile,Primera División,Empate
828544,2329,A. Italiano,statistics_fixture_players_828544.json,11511.0,Jorge Henríquez,0.0,0.0,1.0,1.0,,9.0,3.0,2.0,2.0,0.0,77.0,10.0,M,6.9,0.0,,0.0,,,,33,1.0,38.0,,0.0,,0.0,,,3.0,,1.0,1.0,828544-2329,2022,Match Finished,FT,2022-08-13,R. Tobar,Everton de Vina,2325,0.0,A. Italiano,2329,1.0,Regular Season - 22,Chile,Primera División,Triunfo
828557,2329,A. Italiano,statistics_fixture_players_828557.json,11511.0,Jorge Henríquez,0.0,0.0,,,,1.0,1.0,,1.0,0.0,51.0,10.0,M,7.0,1.0,,0.0,,,,33,,40.0,,0.0,,0.0,,,,,,,828557-2329,2022,Match Finished,FT,2022-09-07,J. Bascuñán,Cobresal,2331,2.0,A. Italiano,2329,2.0,Regular Season - 24,Chile,Primera División,Empate
828566,2329,A. Italiano,statistics_fixture_players_828566.json,11511.0,Jorge Henríquez,0.0,0.0,1.0,1.0,1.0,11.0,6.0,1.0,2.0,0.0,90.0,10.0,M,6.9,0.0,,0.0,,,,46,1.0,57.0,,0.0,,0.0,,,1.0,,1.0,3.0,828566-2329,2022,Match Finished,FT,2022-09-13,F. González,A. Italiano,2329,1.0,Coquimbo Unido,2330,0.0,Regular Season - 25,Chile,Primera División,Triunfo
828573,2329,A. Italiano,statistics_fixture_players_828573.json,11511.0,Jorge Henríquez,0.0,0.0,2.0,1.0,1.0,8.0,2.0,1.0,,0.0,89.0,10.0,M,6.9,0.0,,0.0,,1.0,,28,2.0,32.0,,0.0,,1.0,,2.0,4.0,,2.0,1.0,828573-2329,2022,Match Finished,FT,2022-10-03,A. Hermosilla,A. Italiano,2329,3.0,Universidad de Chile,2323,2.0,Regular Season - 26,Chile,Primera División,Triunfo
828578,2329,A. Italiano,statistics_fixture_players_828578.json,11511.0,Jorge Henríquez,0.0,0.0,2.0,,2.0,9.0,5.0,,3.0,0.0,90.0,10.0,M,7.2,0.0,,0.0,,,,53,2.0,61.0,,0.0,,0.0,,,1.0,,,,828578-2329,2022,Match Finished,FT,2022-10-10,G. Ahumada,Union La Calera,2326,2.0,A. Italiano,2329,0.0,Regular Season - 27,Chile,Primera División,Derrota
828593,2329,A. Italiano,statistics_fixture_players_828593.json,11511.0,Jorge Henríquez,0.0,0.0,,1.0,,4.0,,1.0,,0.0,67.0,10.0,M,7.0,0.0,,0.0,,,,17,3.0,24.0,,0.0,,0.0,,1.0,4.0,,,,828593-2329,2022,Match Finished,FT,2022-10-31,R. Tobar,A. Italiano,2329,0.0,U. Catolica,2994,0.0,Regular Season - 29,Chile,Primera División,Empate
828589,2329,A. Italiano,statistics_fixture_players_828589.json,11511.0,Jorge Henríquez,0.0,1.0,1.0,1.0,,6.0,1.0,4.0,1.0,0.0,78.0,10.0,M,7.0,0.0,,0.0,,1.0,,31,,41.0,,0.0,,1.0,,1.0,2.0,1.0,,,828589-2329,2022,Match Finished,FT,2022-10-24,F. González,Curico Unido,2316,1.0,A. Italiano,2329,1.0,Regular Season - 28,Chile,Primera División,Empate
828600,2329,A. Italiano,statistics_fixture_players_828600.json,11511.0,Jorge Henríquez,0.0,0.0,,2.0,,10.0,4.0,1.0,2.0,0.0,83.0,10.0,M,8.7,0.0,1.0,0.0,,1.0,,23,5.0,32.0,,0.0,,0.0,,2.0,2.0,,1.0,2.0,828600-2329,2022,Match Finished,FT,2022-11-06,J. Bascuñán,D. La Serena,2341,0.0,A. Italiano,2329,3.0,Regular Season - 30,Chile,Primera División,Triunfo
